{"initial_reset_timestamp": 1572829396.3719559, "timestamps": [1572829396.7250009, 1572829397.339772, 1572829398.4350069, 1572829403.445685, 1572829406.2322292, 1572829410.931204, 1572829412.235472, 1572829412.3971488, 1572829414.122943, 1572829414.576944, 1572829416.416926, 1572829417.171885, 1572829419.234157, 1572829420.5605178, 1572829421.046401, 1572829426.8420212, 1572829427.540837, 1572829428.642677, 1572829436.368685, 1572829437.3043132, 1572829437.6523452, 1572829441.299383, 1572829441.766264, 1572829442.0081978, 1572829451.005423, 1572829454.123743, 1572829454.3708632, 1572829458.4196548, 1572829462.1139998, 1572829462.2863889, 1572829466.828822, 1572829476.3007512, 1572829476.479649, 1572829477.155745, 1572829478.7522838, 1572829479.281055, 1572829483.861867, 1572829483.979939, 1572829487.854392, 1572829487.961849, 1572829488.617162, 1572829490.6428978, 1572829490.77735, 1572829494.2314508, 1572829494.385837, 1572829494.511371, 1572829494.723381, 1572829497.207628, 1572829497.34136, 1572829498.1665862, 1572829499.946469, 1572829500.114967, 1572829501.684607, 1572829502.1013749, 1572829502.4904919, 1572829504.992943, 1572829505.903284, 1572829516.6549199, 1572829518.651798, 1572829518.841364, 1572829520.970284, 1572829525.256298, 1572829527.963032, 1572829528.252477, 1572829528.4216802, 1572829536.898606, 1572829537.669132, 1572829538.6895769, 1572829538.904633, 1572829539.230787, 1572829541.509425, 1572829541.64691, 1572829547.907764, 1572829550.961112, 1572829551.359187, 1572829559.005465, 1572829560.318964, 1572829567.120048, 1572829572.932458, 1572829574.743957, 1572829574.955859, 1572829575.1977432, 1572829576.476486, 1572829577.493541, 1572829577.681559, 1572829579.5692039, 1572829583.060972, 1572829583.9999459, 1572829584.5234659, 1572829585.8796108, 1572829587.3684878, 1572829588.885401, 1572829588.992604, 1572829589.121572, 1572829589.469595, 1572829591.668928, 1572829592.490679, 1572829592.638895, 1572829594.6692202, 1572829596.018914, 1572829596.132374, 1572829597.924814, 1572829598.187093, 1572829605.0976708, 1572829605.6412768, 1572829605.799736, 1572829606.2703328, 1572829609.335861, 1572829611.6934662, 1572829611.818451, 1572829615.712944, 1572829615.827849, 1572829616.988786, 1572829617.1532679, 1572829617.376605, 1572829618.233598, 1572829620.114686, 1572829621.391809, 1572829623.336503, 1572829625.58022, 1572829628.524032, 1572829634.336957, 1572829635.980897, 1572829638.517799, 1572829638.724545, 1572829641.8735209, 1572829642.266988, 1572829642.3895411, 1572829643.050653, 1572829644.149434, 1572829644.6180658, 1572829644.897113, 1572829646.644284, 1572829648.0117362, 1572829652.779967, 1572829657.26464, 1572829659.29968, 1572829659.605957, 1572829661.467515, 1572829662.259077, 1572829662.90223, 1572829663.094065, 1572829663.25314, 1572829663.568955, 1572829666.787642, 1572829668.444436, 1572829668.981217, 1572829670.877085, 1572829671.479021, 1572829673.029839, 1572829674.466916, 1572829674.655822, 1572829675.394593, 1572829676.174273, 1572829676.708825, 1572829678.429112, 1572829680.462892, 1572829680.608585, 1572829685.578208, 1572829685.8437068, 1572829691.252157, 1572829698.798809, 1572829699.757309, 1572829705.446286, 1572829707.671508, 1572829708.697524, 1572829710.581447, 1572829710.757508, 1572829711.657814, 1572829720.039531, 1572829722.523927, 1572829722.7276008], "episode_lengths": [20, 48, 100, 378, 221, 360, 122, 4, 159, 38, 194, 52, 218, 137, 44, 504, 58, 110, 514, 51, 19, 220, 39, 15, 810, 232, 6, 305, 186, 1, 271, 688, 7, 26, 81, 38, 434, 2, 452, 1, 67, 224, 4, 231, 6, 3, 11, 207, 3, 65, 140, 2, 100, 6, 1, 148, 78, 724, 193, 9, 215, 397, 135, 15, 4, 715, 66, 57, 9, 13, 163, 3, 444, 239, 21, 582, 126, 469, 398, 148, 8, 8, 139, 88, 5, 163, 382, 100, 44, 110, 113, 137, 1, 3, 31, 271, 96, 7, 213, 137, 1, 133, 15, 504, 23, 2, 32, 258, 209, 1, 451, 2, 135, 8, 17, 98, 218, 155, 231, 286, 314, 503, 176, 240, 12, 271, 29, 1, 69, 114, 41, 15, 110, 68, 460, 311, 228, 25, 128, 71, 26, 8, 2, 21, 266, 145, 45, 192, 46, 124, 140, 1, 65, 74, 46, 162, 164, 2, 290, 7, 329, 496, 61, 267, 126, 74, 150, 4, 63, 617, 164, 1], "episode_rewards": [5.638888888888889, 13.472222222222225, 27.916666666666664, 105.08333333333336, 70.25000000000001, 101.80555555555551, 38.166666666666686, 1.5833333333333333, 45.138888888888886, 12.277777777777777, 58.333333333333385, 17.527777777777775, 71.1388888888889, 36.5277777777778, 12.472222222222223, 146.77777777777774, 17.527777777777775, 28.388888888888886, 150.58333333333348, 15.388888888888888, 6.361111111111111, 59.8611111111111, 8.194444444444445, 6.166666666666666, 241.3333333333331, 75.27777777777779, 2.9722222222222223, 92.58333333333333, 59.694444444444464, 0.8333333333333334, 83.5833333333333, 204.8333333333334, 3.7499999999999996, 10.499999999999996, 19.555555555555557, 13.694444444444443, 132.99999999999997, 1.25, 126.66666666666663, 0.6111111111111112, 19.666666666666668, 62.19444444444441, 1.972222222222222, 71.74999999999997, 2.7222222222222223, 1.6388888888888888, 5.611111111111111, 55.91666666666665, 1.5833333333333335, 19.611111111111107, 44.527777777777764, 0.9166666666666667, 33.38888888888888, 2.3888888888888893, 0.6111111111111112, 39.02777777777781, 24.055555555555557, 218.9444444444445, 60.222222222222214, 2.638888888888889, 61.972222222222214, 127.1666666666666, 43.305555555555564, 5.916666666666666, 2.0277777777777777, 206.72222222222194, 25.55555555555555, 16.972222222222225, 3.861111111111111, 6.611111111111111, 46.388888888888886, 1.2777777777777777, 127.80555555555556, 76.83333333333329, 7.8888888888888875, 158.638888888889, 35.55555555555556, 140.52777777777771, 118.08333333333343, 49.9722222222222, 2.805555555555556, 2.111111111111111, 35.80555555555556, 27.916666666666664, 2.5555555555555554, 45.97222222222222, 117.52777777777773, 29.972222222222236, 15.750000000000004, 35.41666666666668, 31.38888888888889, 42.2222222222222, 0.6666666666666666, 1.7777777777777777, 10.194444444444446, 73.66666666666666, 27.777777777777764, 2.361111111111111, 69.16666666666664, 38.52777777777776, 0.6666666666666666, 44.41666666666668, 5.25, 153.5555555555557, 6.6388888888888875, 1.25, 10.694444444444445, 80.72222222222219, 57.47222222222227, 0.6666666666666666, 135.27777777777797, 1.0277777777777777, 32.75000000000001, 3.4166666666666665, 6.444444444444445, 34.58333333333333, 57.83333333333327, 45.22222222222222, 65.91666666666669, 80.88888888888891, 94.33333333333339, 154.94444444444454, 55.58333333333332, 73.27777777777773, 3.388888888888889, 80.52777777777776, 11.5, 0.6111111111111112, 18.999999999999996, 38.0, 13.361111111111107, 4.555555555555555, 33.41666666666668, 20.361111111111118, 128.88888888888889, 90.75000000000006, 67.6388888888889, 10.027777777777777, 39.361111111111114, 24.972222222222218, 7.888888888888891, 2.9166666666666665, 1.1388888888888888, 7.694444444444444, 77.16666666666666, 40.52777777777779, 14.777777777777779, 54.22222222222221, 18.638888888888886, 37.69444444444444, 37.805555555555564, 0.75, 20.916666666666664, 23.055555555555546, 14.999999999999996, 44.91666666666668, 46.33333333333335, 1.0833333333333335, 84.8333333333333, 3.0277777777777777, 92.33333333333336, 145.0, 15.388888888888891, 80.63888888888897, 41.694444444444436, 24.72222222222223, 43.805555555555564, 1.9166666666666667, 18.000000000000007, 186.74999999999997, 52.30555555555552, 0.6666666666666666],