{"initial_reset_timestamp": 1572829178.925597, "timestamps": [1572829180.1633081, 1572829182.652509, 1572829183.0059671, 1572829194.1503801, 1572829194.577877, 1572829196.159307, 1572829197.105579, 1572829211.583507, 1572829213.245174, 1572829215.7963252, 1572829217.716893, 1572829217.861671, 1572829219.1374002, 1572829222.384249, 1572829225.68224, 1572829228.307534, 1572829228.7006872, 1572829229.777461, 1572829230.5898151, 1572829230.8018408, 1572829231.476835, 1572829231.669125, 1572829232.7181618, 1572829234.1054761, 1572829236.5272472, 1572829236.847101, 1572829237.0801122, 1572829239.4309819, 1572829239.54438, 1572829239.754175, 1572829242.812595, 1572829243.194591, 1572829249.124776, 1572829249.75264, 1572829249.881886, 1572829251.3835678, 1572829252.013839, 1572829253.154006, 1572829253.393065, 1572829253.726461, 1572829253.8616729, 1572829255.102656, 1572829255.231055, 1572829256.203271, 1572829258.13364, 1572829262.193034, 1572829268.815691, 1572829272.0328782], "episode_lengths": [80, 191, 10, 729, 10, 94, 42, 951, 108, 107, 103, 1, 95, 291, 317, 234, 28, 97, 63, 11, 54, 8, 84, 120, 233, 24, 14, 224, 1, 11, 289, 29, 598, 49, 1, 142, 48, 109, 13, 24, 3, 116, 1, 89, 135, 220, 301, 103], "episode_rewards": [27.194444444444446, 57.72222222222222, 4.75, 223.30555555555537, 3.1944444444444446, 26.555555555555557, 13.02777777777778, 278.8333333333336, 33.16666666666667, 35.277777777777786, 32.33333333333333, 0.6111111111111112, 26.944444444444443, 82.8055555555555, 91.08333333333329, 75.11111111111109, 10.944444444444445, 30.583333333333332, 15.777777777777779, 3.694444444444444, 15.527777777777779, 3.75, 26.305555555555554, 40.27777777777778, 66.80555555555551, 8.86111111111111, 5.138888888888889, 61.66666666666665, 0.6111111111111112, 3.9722222222222223, 85.86111111111111, 8.722222222222221, 188.86111111111146, 14.583333333333332, 0.6111111111111112, 43.74999999999998, 14.277777777777777, 31.388888888888893, 5.194444444444445, 7.833333333333333, 1.75, 33.8888888888889, 0.6666666666666666, 25.222222222222218, 42.8888888888889, 60.72222222222224, 87.50000000000004, 32.944444444444436], "episode_types": ["t", "t", "t", "t", "t", "t", "t", "t", "t", "t", "t", "t", "t", "t", "t", "t", "t", "t", "t", "t", "t", "t", "t", "t", "t", "t", "t", "t", "t", "t", "t", "t", "t", "t", "t", "t", "t", "t", "t", "t", "t", "t", "t", "t", "t", "t", "t", "t", "t"]}