{"initial_reset_timestamp": 1572829823.177258, "timestamps": [1572830265.611083, 1572830681.662336, 1572830742.2810082, 1572830790.1759932], "episode_lengths": [37123, 35345, 3335, 3282], "episode_rewards": [1.0, 1.0, 1.0, 1.0], "episode_types": ["t", "t", "t", "t", "t"]}